source,bucket,touchstone,ConfigID,grid_dim,rows,cols,n_cells,n_signal,n_ground,n_zero,f_signal,f_ground,f_zero,Radius,Pitch,Height,Liner,Frequency,Temperature,elapsed_s,status,Arrangement
small_10k,3x3-7x7,Line00001_T364K.s28p,Line00001,7,6,7,42,14,11,17,0.3333333333333333,0.2619047619047619,0.40476190476190477,4.404460046972836e-06,4.832290311184182e-05,6.08233797718321e-05,2.924774630404986e-06,83261019815.96213,363.70173320348283,,,"[[1, 0, 0, 1, 1, -1, -1], [0, -1, 1, 0, 0, -1, -1], [-1, 1, 1, -1, 0, -1, 1], [1, 1, 0, 1, -1, 0, 1], [0, 1, 1, 1, 0, 0, 0], [-1, 0, 0, -1, 0, 0, 0]]"
small_10k,3x3-7x7,Line00002_T595K.s32p,Line00002,7,6,7,42,16,10,16,0.38095238095238093,0.23809523809523808,0.38095238095238093,5.895022075365838e-06,2.931085361721217e-05,6.362425738131284e-05,2.045965023332718e-06,38307952927.589554,594.9692657420364,,,"[[-1, -1, 1, 0, 1, 0, 0], [0, 0, -1, 0, -1, 1, 1], [-1, -1, 0, 1, 1, -1, 0], [-1, 1, 0, 1, 1, 0, 1], [1, -1, 1, -1, 1, 0, 0], [1, 0, 1, 0, 1, 0, 0]]"
small_10k,3x3-7x7,Line00003_T369K.s10p,Line00003,5,3,5,15,5,8,2,0.3333333333333333,0.5333333333333333,0.13333333333333333,2.053059844639466e-06,5.768807022739411e-05,8.253152871382157e-05,1.4635412563497905e-06,1695028596.799398,369.2681476866447,,,"[[-1, 0, 0, -1, 1], [-1, 1, 1, -1, 1], [-1, -1, -1, 1, -1]]"
small_10k,3x3-7x7,Line00004_T435K.s14p,Line00004,6,6,6,36,7,15,14,0.19444444444444445,0.4166666666666667,0.3888888888888889,3.700623497964979e-06,2.831766651472755e-05,8.270801311279966e-05,5.782832311388964e-07,84244248982.04034,434.9262400109297,,,"[[1, 0, 0, 0, -1, -1], [-1, 0, 1, -1, 0, 1], [0, -1, 1, -1, 0, -1], [0, -1, 0, -1, -1, -1], [-1, -1, 1, 0, 1, 1], [0, 0, 0, 0, -1, -1]]"
small_10k,3x3-7x7,Line00005_T384K.s18p,Line00005,6,4,6,24,9,5,10,0.375,0.20833333333333334,0.4166666666666667,3.3013213230530577e-06,3.554709158757928e-05,7.085396127095584e-05,2.5718437728798233e-06,35739657336.68957,384.28035290621426,,,"[[0, 0, 0, 1, 1, 1], [1, 0, -1, 0, 1, 0], [0, -1, 1, 1, 1, 1], [-1, 0, 0, -1, -1, 0]]"
small_10k,3x3-7x7,Line00006_T408K.s22p,Line00006,7,6,7,42,11,22,9,0.2619047619047619,0.5238095238095238,0.21428571428571427,5.261845713819337e-06,4.8274293753904684e-05,8.91602867216395e-05,2.4281758667148643e-06,7497060708.235627,407.5397185632818,,,"[[-1, -1, -1, -1, -1, -1, 1], [-1, -1, 0, -1, 1, 1, -1], [-1, 0, -1, -1, -1, 1, -1], [-1, -1, 1, -1, -1, 0, 0], [0, -1, -1, 1, 0, 1, 1], [1, 0, 0, 0, 1, -1, 1]]"
small_10k,3x3-7x7,Line00007_T468K.s2p,Line00007,6,3,6,18,1,13,4,0.05555555555555555,0.7222222222222222,0.2222222222222222,3.4832730087930656e-06,4.6753650106544286e-05,8.663689426469988e-05,1.9782444692693177e-06,27544707119.70741,468.3730277543103,,,"[[1, -1, -1, -1, -1, -1], [-1, 0, -1, 0, 0, -1], [-1, -1, -1, -1, -1, 0]]"
small_10k,3x3-7x7,Line00008_T491K.s30p,Line00008,7,5,7,35,15,7,13,0.42857142857142855,0.2,0.37142857142857144,4.090931317527976e-06,3.710164073434199e-05,6.101676506976381e-05,7.697285674832611e-07,3239775650.1047516,490.92312337913415,,,"[[1, 1, -1, 0, 0, 1, 1], [1, 1, 0, -1, 1, 1, -1], [-1, -1, 0, -1, 1, 0, 0], [-1, 1, 1, 1, 0, 0, 0], [0, 0, 1, 0, 1, 1, 0]]"
small_10k,3x3-7x7,Line00009_T437K.s42p,Line00009,7,6,7,42,21,11,10,0.5,0.2619047619047619,0.23809523809523808,4.779139732158818e-06,5.521871356061031e-05,8.497416192535174e-05,1.239084214594285e-06,10638876557.044033,436.9603711448731,,,"[[-1, 0, 1, 0, 1, 0, 1], [1, -1, -1, 0, 1, 0, 0], [1, -1, 1, -1, 1, 1, 0], [1, 1, 1, 1, -1, 0, -1], [1, -1, 1, 1, -1, 1, 1], [0, -1, -1, 1, 0, 1, 1]]"
small_10k,3x3-7x7,Line00010_T349K.s26p,Line00010,6,6,6,36,13,10,13,0.3611111111111111,0.2777777777777778,0.3611111111111111,3.0885289975385412e-06,4.590760482165449e-05,6.0020815079812636e-05,1.3814221408354225e-06,30547647689.9871,349.3967559428825,,,"[[0, -1, 1, 0, 1, -1], [0, 1, 1, 1, 0, 1], [1, 1, -1, 0, 0, -1], [1, 1, 0, 0, 1, 0], [-1, 0, 1, 1, -1, -1], [0, 0, -1, 0, -1, -1]]"
small_10k,3x3-7x7,Line00011_T409K.s6p,Line00011,5,5,3,15,3,7,5,0.2,0.4666666666666667,0.3333333333333333,3.350460685614512e-06,5.771638815650077e-05,7.29281172808302e-05,1.7969765543584154e-06,70331593993.62827,409.08888071378817,,,"[[0, 0, 0], [-1, -1, 1], [-1, -1, -1], [-1, 0, 1], [1, 0, -1]]"
small_10k,3x3-7x7,Line00012_T423K.s10p,Line00012,4,3,4,12,5,3,4,0.4166666666666667,0.25,0.3333333333333333,4.849082359697769e-06,2.5923477198135996e-05,9.990961940195767e-05,1.1669525356882125e-06,97663834087.68202,423.31110399546935,,,"[[1, 1, 1, 0], [0, 0, -1, -1], [1, -1, 1, 0]]"
small_10k,3x3-7x7,Line00013_T518K.s14p,Line00013,7,7,3,21,7,6,8,0.3333333333333333,0.2857142857142857,0.38095238095238093,5.942601816442404e-06,2.9682210860460018e-05,8.688542189623514e-05,2.404049038321794e-06,23839990644.84073,518.4649045835579,,,"[[-1, 0, -1], [1, 1, 0], [0, 0, 1], [1, 1, 0], [-1, 0, -1], [-1, 1, -1], [0, 0, 1]]"
small_10k,3x3-7x7,Line00014_T405K.s28p,Line00014,7,7,6,42,14,12,16,0.3333333333333333,0.2857142857142857,0.38095238095238093,5.43343521925488e-06,3.303835620807539e-05,6.880964190262193e-05,2.2778738310950446e-06,80969154509.35757,404.5997961875188,,,"[[0, 1, 0, 0, -1, 1], [0, 0, 1, 1, -1, 0], [1, 0, 0, 0, 1, 0], [-1, -1, -1, -1, 1, 1], [0, -1, -1, 0, 1, -1], [1, 1, 1, -1, 0, 1], [0, 0, 0, -1, 1, -1]]"
small_10k,3x3-7x7,Line00015_T498K.s12p,Line00015,6,6,3,18,6,6,6,0.3333333333333333,0.3333333333333333,0.3333333333333333,3.3642654042010344e-06,2.4538940849623563e-05,9.698774473114252e-05,2.6933483834524528e-06,25868368608.744045,497.99521381025374,,,"[[-1, 0, -1], [0, 1, 0], [1, 1, -1], [0, 0, 0], [-1, 1, -1], [1, -1, 1]]"
small_10k,3x3-7x7,Line00016_T405K.s10p,Line00016,4,4,3,12,5,4,3,0.4166666666666667,0.3333333333333333,0.25,2.3724110712235968e-06,5.5888630318133074e-05,9.601672228653322e-05,2.08275364318317e-06,33969076125.765198,404.76287238379825,,,"[[1, -1, 1], [-1, 0, 1], [0, -1, 1], [0, -1, 1]]"
small_10k,3x3-7x7,Line00017_T385K.s16p,Line00017,6,5,6,30,8,11,11,0.26666666666666666,0.36666666666666664,0.36666666666666664,4.675953018856915e-06,4.322746485745819e-05,7.489131066246973e-05,2.850333606144446e-06,97369017291.8562,385.17629242123974,,,"[[-1, -1, 0, -1, 0, -1], [0, -1, 1, -1, -1, -1], [1, 1, 0, 1, 1, 1], [0, -1, 1, 0, -1, 0], [0, -1, 0, 0, 0, 1]]"
small_10k,3x3-7x7,Line00018_T523K.s14p,Line00018,4,4,4,16,7,5,4,0.4375,0.3125,0.25,2.7037010107093817e-06,2.0723014544620836e-05,7.975574860733739e-05,9.47056773053322e-07,36710231579.827705,523.2511569169687,,,"[[0, -1, 0, 1], [-1, 1, 1, 1], [1, -1, -1, 1], [-1, 1, 0, 0]]"
small_10k,3x3-7x7,Line00019_T572K.s16p,Line00019,5,5,3,15,8,3,4,0.5333333333333333,0.2,0.26666666666666666,4.545330472743581e-06,3.001847274422337e-05,8.359483390242176e-05,2.9472321456875226e-06,48725541080.64957,571.8296363155662,,,"[[1, 0, 1], [-1, -1, -1], [0, 1, 1], [0, 1, 0], [1, 1, 1]]"
small_10k,3x3-7x7,Line00020_T353K.s12p,Line00020,5,5,4,20,6,5,9,0.3,0.25,0.45,2.780971951192178e-06,4.889808461046021e-05,7.123089449763423e-05,5.607899160786346e-07,64582682361.12607,353.1332038221147,,,"[[-1, 0, 1, 0], [0, -1, -1, -1], [1, 0, 0, 0], [1, 1, 0, 1], [-1, 0, 1, 0]]"
small_10k,3x3-7x7,Line00021_T395K.s26p,Line00021,7,6,7,42,13,16,13,0.30952380952380953,0.38095238095238093,0.30952380952380953,5.854479908357012e-06,5.4120378218694404e-05,7.177795568278343e-05,1.4627443215048131e-06,85128553484.53401,395.0766015468833,,,"[[0, -1, 0, -1, 0, -1, 1], [0, 1, -1, 1, 1, -1, 1], [1, 1, -1, 1, -1, -1, -1], [-1, 0, 1, 0, -1, 0, -1], [-1, -1, 0, 0, 0, 0, 0], [1, 0, -1, -1, 1, 1, 1]]"
small_10k,3x3-7x7,Line00022_T376K.s14p,Line00022,4,4,3,12,7,1,4,0.5833333333333334,0.08333333333333333,0.3333333333333333,5.720067339243328e-06,2.2816645233981756e-05,6.835674870461441e-05,2.1778587920601266e-06,35928813451.48677,376.2490947209216,,,"[[0, 1, 0], [1, 1, 0], [1, 1, -1], [0, 1, 1]]"
small_10k,3x3-7x7,Line00023_T483K.s12p,Line00023,4,4,4,16,6,4,6,0.375,0.25,0.375,4.835643987640475e-06,4.211279907631631e-05,7.186040574591195e-05,1.5494521411156912e-06,25695073665.08636,483.4541132597042,,,"[[0, 1, 1, -1], [0, -1, 1, 0], [-1, 1, -1, 0], [0, 1, 1, 0]]"
small_10k,3x3-7x7,Line00024_T502K.s8p,Line00024,6,6,4,24,4,10,10,0.16666666666666666,0.4166666666666667,0.4166666666666667,2.203074124157588e-06,5.546468595802639e-05,6.11046708749482e-05,1.947162238768897e-06,43903564889.50689,501.60784058855984,,,"[[1, 0, -1, -1], [-1, 0, -1, -1], [1, 0, -1, -1], [0, -1, 0, -1], [1, 0, 1, 0], [-1, 0, 0, 0]]"
small_10k,3x3-7x7,Line00025_T338K.s12p,Line00025,5,5,3,15,6,4,5,0.4,0.26666666666666666,0.3333333333333333,4.363333042276043e-06,2.122000999756198e-05,6.149392754996858e-05,2.5565014016491456e-06,36083045076.98516,338.11815379556543,,,"[[0, 1, -1], [1, 1, 1], [1, 0, -1], [0, -1, -1], [1, 0, 0]]"
small_10k,3x3-7x7,Line00026_T514K.s14p,Line00026,7,3,7,21,7,6,8,0.3333333333333333,0.2857142857142857,0.38095238095238093,3.6454156202267145e-06,4.798048843068775e-05,6.553412369671205e-05,8.318635556074245e-07,96956733024.70448,514.3785312539856,,,"[[1, 0, -1, 1, 1, -1, -1], [0, 1, -1, 0, -1, 0, 0], [0, 1, -1, 0, 1, 0, 1]]"
small_10k,3x3-7x7,Line00027_T423K.s12p,Line00027,5,5,3,15,6,4,5,0.4,0.26666666666666666,0.3333333333333333,2.3138255253690636e-06,2.10140297366183e-05,9.8505936587117e-05,2.5899503012805147e-06,69627823188.76042,422.68588332428095,,,"[[-1, 0, 1], [1, 0, 0], [1, 1, 1], [-1, -1, 0], [-1, 0, 1]]"
small_10k,3x3-7x7,Line00028_T497K.s12p,Line00028,4,4,4,16,6,5,5,0.375,0.3125,0.3125,2.3754931603251668e-06,2.7314639884292295e-05,9.738455989358839e-05,2.0956764846083763e-06,51717956116.91401,497.13339855005006,,,"[[-1, 1, -1, -1], [1, 1, 0, 0], [0, -1, -1, 1], [0, 0, 1, 1]]"
small_10k,3x3-7x7,Line00029_T352K.s32p,Line00029,7,7,7,49,16,19,14,0.32653061224489793,0.3877551020408163,0.2857142857142857,4.814631437520095e-06,3.8966953163493005e-05,6.391336642604006e-05,1.7290396877920808e-06,47399829900.97851,351.96056097300453,,,"[[1, -1, 1, 1, -1, -1, 0], [-1, -1, 1, 0, 1, 0, 0], [-1, -1, 1, 1, 0, -1, 1], [-1, 1, -1, 0, 0, 0, 1], [0, -1, -1, -1, -1, 1, 1], [-1, 1, -1, -1, 0, 1, 0], [-1, -1, 0, 1, 1, 0, 0]]"
small_10k,3x3-7x7,Line00030_T493K.s22p,Line00030,7,7,4,28,11,7,10,0.39285714285714285,0.25,0.35714285714285715,4.012545034320351e-06,5.425959364753289e-05,8.63477452647578e-05,9.073360677035742e-07,7149817865.302941,492.7257834618947,,,"[[0, 1, -1, 0], [0, 1, 1, -1], [0, 1, -1, 0], [1, 0, 0, -1], [0, 1, 1, -1], [1, 0, 1, 0], [1, -1, -1, 1]]"
small_10k,3x3-7x7,Line00031_T588K.s18p,Line00031,6,3,6,18,9,3,6,0.5,0.16666666666666666,0.3333333333333333,4.573152873769413e-06,3.833011561966066e-05,8.18246715726374e-05,2.853662021941313e-06,38671653516.29735,588.3571691471743,,,"[[0, 0, -1, 1, 1, 0], [1, -1, 0, 1, 1, 1], [0, 0, 1, 1, 1, -1]]"
small_10k,3x3-7x7,Line00032_T553K.s14p,Line00032,5,4,5,20,7,6,7,0.35,0.3,0.35,2.072887302606199e-06,2.3777718430237138e-05,8.732027093665428e-05,6.779716211505725e-07,31965665466.346756,553.4625932908364,,,"[[1, 1, -1, 0, 1], [1, -1, 0, 0, 0], [-1, 1, 1, 1, -1], [0, 0, 0, -1, -1]]"
small_10k,3x3-7x7,Line00033_T385K.s12p,Line00033,4,4,4,16,6,7,3,0.375,0.4375,0.1875,4.786948661456603e-06,4.515771387119536e-05,9.509888054108212e-05,2.3376776095097144e-06,80367744945.44638,384.61037177139195,,,"[[1, -1, -1, 1], [-1, 1, -1, 1], [-1, 1, -1, -1], [1, 0, 0, 0]]"
small_10k,3x3-7x7,Line00034_T525K.s14p,Line00034,7,4,7,28,7,12,9,0.25,0.42857142857142855,0.32142857142857145,5.105651842967987e-06,3.363214161012072e-05,9.723029302414259e-05,2.6460318796075296e-06,42956503334.764336,525.2613203374492,,,"[[-1, 0, -1, -1, 1, 0, -1], [-1, 1, 1, 1, -1, 1, 0], [0, 1, -1, 0, 0, 0, 1], [-1, -1, 0, -1, -1, 0, -1]]"
small_10k,3x3-7x7,Line00035_T588K.s6p,Line00035,5,3,5,15,3,7,5,0.2,0.4666666666666667,0.3333333333333333,3.986244762732311e-06,3.558472344876814e-05,7.190540698037244e-05,7.499622179046584e-07,5443181145.062154,587.5624490649595,,,"[[-1, 1, 1, 0, 1], [-1, -1, 0, 0, -1], [0, -1, 0, -1, -1]]"
small_10k,3x3-7x7,Line00036_T584K.s28p,Line00036,6,5,6,30,14,6,10,0.4666666666666667,0.2,0.3333333333333333,2.3331376447810384e-06,2.3668165890339244e-05,8.409763703604476e-05,1.8842576308645019e-06,21351516712.92047,583.8583628645071,,,"[[-1, 0, 1, 1, 0, 1], [0, -1, -1, 0, 1, 1], [1, -1, 0, 0, 1, 1], [1, 1, -1, 1, 0, 0], [1, 1, 1, 0, -1, 0]]"
small_10k,3x3-7x7,Line00037_T506K.s16p,Line00037,7,3,7,21,8,6,7,0.38095238095238093,0.2857142857142857,0.3333333333333333,2.2234846187094e-06,4.948142227164035e-05,8.183663080659956e-05,2.2645787096967363e-06,96868329203.01608,506.4090030525117,,,"[[-1, 1, 0, 1, 0, -1, 1], [1, 0, -1, -1, 0, 1, -1], [1, 0, 0, 0, 1, 1, -1]]"
small_10k,3x3-7x7,Line00038_T474K.s14p,Line00038,6,4,6,24,7,10,7,0.2916666666666667,0.4166666666666667,0.2916666666666667,3.586606407817008e-06,5.567587635107107e-05,6.586419286768102e-05,1.7833154217309825e-06,23399484435.210327,474.3916251680347,,,"[[-1, 0, -1, -1, 0, 0], [-1, 1, 1, 1, 1, -1], [0, 0, -1, -1, 0, -1], [1, 1, -1, 1, -1, 0]]"
small_10k,3x3-7x7,Line00039_T427K.s14p,Line00039,7,7,3,21,7,8,6,0.3333333333333333,0.38095238095238093,0.2857142857142857,5.013512741035767e-06,3.505038342123663e-05,6.334002866794675e-05,2.442867289818592e-06,55884584548.606926,427.2666027740929,,,"[[0, 0, 0], [0, -1, -1], [1, -1, 1], [0, 1, 1], [1, 0, 1], [-1, -1, -1], [1, -1, -1]]"
small_10k,3x3-7x7,Line00040_T524K.s12p,Line00040,5,4,5,20,6,10,4,0.3,0.5,0.2,3.874642567976505e-06,2.2252131027273497e-05,6.475271665072287e-05,7.938156169427622e-07,64956109181.39475,523.813463779627,,,"[[1, -1, -1, 0, -1], [-1, 1, 0, -1, 1], [-1, -1, 0, -1, -1], [1, -1, 1, 0, 1]]"
